iso3_code,month,tests_total,schools_total,tests_starlink,schools_starlink,isps_total,school_share_pct,test_share_pct
AIA,2023-01,8,2,0,0,1,0.0,0.0
AIA,2023-02,26,5,0,0,1,0.0,0.0
AIA,2023-03,17,1,0,0,1,0.0,0.0
AIA,2023-04,12,1,0,0,1,0.0,0.0
AIA,2023-05,1,1,0,0,1,0.0,0.0
AIA,2023-06,16,4,0,0,1,0.0,0.0
AIA,2023-07,149,3,0,0,1,0.0,0.0
AIA,2023-08,32,2,0,0,1,0.0,0.0
AIA,2023-09,66,3,0,0,1,0.0,0.0
AIA,2023-10,12,3,0,0,1,0.0,0.0
AIA,2023-11,31,3,0,0,1,0.0,0.0
AIA,2023-12,8,3,0,0,1,0.0,0.0
AIA,2024-01,15,3,0,0,1,0.0,0.0
AIA,2024-02,6,3,0,0,1,0.0,0.0
AIA,2024-03,4,2,0,0,1,0.0,0.0
AIA,2024-04,5,3,0,0,1,0.0,0.0
AIA,2024-05,23,6,0,0,1,0.0,0.0
AIA,2024-06,8,3,0,0,1,0.0,0.0
AIA,2024-07,2,2,0,0,1,0.0,0.0
AIA,2024-08,5,2,0,0,1,0.0,0.0
AIA,2024-09,7,3,0,0,1,0.0,0.0
AIA,2024-10,3,3,0,0,1,0.0,0.0
AIA,2024-11,10,3,0,0,1,0.0,0.0
AIA,2024-12,2,2,0,0,1,0.0,0.0
AIA,2025-01,5,2,0,0,1,0.0,0.0
AIA,2025-02,8,3,0,0,1,0.0,0.0
AIA,2025-03,3,2,0,0,1,0.0,0.0
AIA,2025-04,5,3,0,0,1,0.0,0.0
AIA,2025-05,5,3,0,0,1,0.0,0.0
AIA,2025-06,4,2,0,0,1,0.0,0.0
AIA,2025-07,4,2,0,0,2,0.0,0.0
AIA,2025-08,3,3,0,0,1,0.0,0.0
AIA,2025-09,4,3,0,0,1,0.0,0.0
AIA,2025-10,14,3,0,0,1,0.0,0.0
AIA,2025-11,6,2,0,0,1,0.0,0.0
AIA,2025-12,2,2,0,0,1,0.0,0.0
AIA,2026-01,11,3,0,0,1,0.0,0.0
AIA,2026-02,6,2,0,0,1,0.0,0.0
AIA,2026-03,2,2,0,0,1,0.0,0.0
AIA,2026-04,8,2,0,0,1,0.0,0.0
AIA,2026-05,3,1,0,0,1,0.0,0.0
AIA,2026-06,4,2,0,0,1,0.0,0.0
AIA,2026-07,2,1,0,0,1,0.0,0.0
AIA,2026-08,1,1,0,0,1,0.0,0.0
ALB,2026-03,4102,99,0,0,13,0.0,0.0
ALB,2026-04,24167,331,17,1,35,0.3,0.1
ALB,2026-05,39099,856,12,3,52,0.4,0.0
ALB,2026-06,30018,816,14,1,49,0.1,0.0
ALB,2026-07,15221,663,1,1,54,0.2,0.0
ALB,2026-08,8143,491,0,0,47,0.0,0.0
ATG,2023-03,24,3,0,0,1,0.0,0.0
ATG,2023-04,3,1,0,0,1,0.0,0.0
ATG,2023-05,2,1,0,0,1,0.0,0.0
BEN,2024-10,1,1,0,0,0,0.0,0.0
BEN,2024-11,6,1,0,0,1,0.0,0.0
BEN,2024-12,11,2,0,0,2,0.0,0.0
BEN,2025-01,7,2,0,0,2,0.0,0.0
BEN,2025-02,7,2,0,0,2,0.0,0.0
BEN,2025-03,86,8,0,0,2,0.0,0.0
BEN,2025-04,57,17,0,0,2,0.0,0.0
BEN,2025-05,9,1,0,0,2,0.0,0.0
BEN,2025-07,5,1,0,0,1,0.0,0.0
BEN,2025-08,3,2,0,0,2,0.0,0.0
BEN,2025-09,2,1,0,0,1,0.0,0.0
BEN,2025-10,55,5,0,0,2,0.0,0.0
BEN,2025-11,70,4,0,0,1,0.0,0.0
BEN,2026-01,23,4,0,0,1,0.0,0.0
BEN,2026-02,82,5,0,0,2,0.0,0.0
BEN,2026-03,78,6,0,0,1,0.0,0.0
BEN,2026-04,34,4,0,0,1,0.0,0.0
BEN,2026-05,101,10,0,0,1,0.0,0.0
BEN,2026-06,76,6,0,0,1,0.0,0.0
BEN,2026-07,24,5,0,0,2,0.0,0.0
BEN,2026-08,7,2,0,0,3,0.0,0.0
BIH,2024-10,34,4,0,0,3,0.0,0.0
BIH,2024-11,4446,201,0,0,25,0.0,0.0
BIH,2024-12,17752,471,0,0,21,0.0,0.0
BIH,2025-01,16399,578,0,0,22,0.0,0.0
BIH,2025-02,31478,867,0,0,24,0.0,0.0
BIH,2025-03,39991,853,0,0,27,0.0,0.0
BIH,2025-04,27855,831,0,0,23,0.0,0.0
BIH,2025-05,24580,781,0,0,24,0.0,0.0
BIH,2025-06,23762,790,0,0,28,0.0,0.0
BIH,2025-07,11411,491,0,0,26,0.0,0.0
BIH,2025-08,16349,598,0,0,27,0.0,0.0
BIH,2025-09,31647,773,0,0,27,0.0,0.0
BIH,2025-10,31285,750,0,0,23,0.0,0.0
BIH,2025-11,24565,729,0,0,29,0.0,0.0
BIH,2025-12,26446,698,0,0,25,0.0,0.0
BIH,2026-01,18391,662,0,0,24,0.0,0.0
BIH,2026-02,25968,672,0,0,23,0.0,0.0
BIH,2026-03,26508,657,0,0,21,0.0,0.0
BIH,2026-04,23954,641,0,0,25,0.0,0.0
BIH,2026-05,21973,625,0,0,25,0.0,0.0
BIH,2026-06,18396,631,0,0,24,0.0,0.0
BIH,2026-07,8911,396,0,0,25,0.0,0.0
BIH,2026-08,11148,471,0,0,23,0.0,0.0
BLZ,2024-02,3,2,0,0,1,0.0,0.0
BLZ,2024-03,26,3,0,0,1,0.0,0.0
BLZ,2024-04,54,3,0,0,1,0.0,0.0
BLZ,2024-05,77,3,0,0,1,0.0,0.0
BLZ,2024-06,25,3,0,0,1,0.0,0.0
BLZ,2024-07,50,3,0,0,1,0.0,0.0
BLZ,2024-08,15,3,0,0,1,0.0,0.0
BLZ,2024-09,62,2,0,0,1,0.0,0.0
BLZ,2024-10,28,2,0,0,1,0.0,0.0
BLZ,2024-11,31,2,0,0,1,0.0,0.0
BLZ,2024-12,18,2,0,0,1,0.0,0.0
BLZ,2025-01,57,2,0,0,1,0.0,0.0
BLZ,2025-02,72,2,0,0,1,0.0,0.0
BLZ,2025-03,70,1,0,0,1,0.0,0.0
BLZ,2025-04,45,2,0,0,1,0.0,0.0
BLZ,2025-05,49,2,0,0,1,0.0,0.0
BLZ,2025-06,4014,82,52,1,9,1.2,1.3
BLZ,2025-07,1788,60,0,0,9,0.0,0.0
BLZ,2025-08,2985,67,12,1,9,1.5,0.4
BLZ,2025-09,3953,69,0,0,10,0.0,0.0
BLZ,2025-10,4346,67,0,0,8,0.0,0.0
BLZ,2025-11,3266,68,0,0,11,0.0,0.0
BLZ,2025-12,2365,64,0,0,9,0.0,0.0
BLZ,2026-01,3111,61,0,0,8,0.0,0.0
BLZ,2026-02,2747,61,0,0,10,0.0,0.0
BLZ,2026-03,2784,58,0,0,10,0.0,0.0
BLZ,2026-04,2519,61,0,0,8,0.0,0.0
BLZ,2026-05,2503,56,0,0,8,0.0,0.0
BLZ,2026-06,2264,55,0,0,8,0.0,0.0
BLZ,2026-07,1428,42,0,0,7,0.0,0.0
BLZ,2026-08,1490,45,0,0,9,0.0,0.0
BRB,2023-02,74,3,0,0,1,0.0,0.0
BRB,2023-03,170,7,0,0,2,0.0,0.0
BRB,2023-04,73,6,0,0,3,0.0,0.0
BRB,2023-05,47,5,0,0,2,0.0,0.0
BRB,2023-06,66,5,0,0,2,0.0,0.0
BRB,2023-07,2,1,0,0,1,0.0,0.0
BRB,2023-09,25,3,0,0,2,0.0,0.0
BRB,2023-10,25,1,0,0,1,0.0,0.0
BRB,2023-11,1,1,0,0,1,0.0,0.0
BRB,2024-01,2,1,0,0,1,0.0,0.0
BRB,2024-02,25,4,0,0,2,0.0,0.0
BRB,2024-04,9,2,0,0,1,0.0,0.0
BRB,2024-05,30,2,0,0,4,0.0,0.0
BRB,2024-07,4,1,0,0,1,0.0,0.0
BRB,2024-09,7,2,0,0,2,0.0,0.0
BRB,2024-10,4,1,0,0,1,0.0,0.0
BRB,2024-11,17,2,0,0,1,0.0,0.0
BRB,2024-12,26,2,0,0,1,0.0,0.0
BRB,2025-05,42,1,0,0,1,0.0,0.0
BRB,2025-07,43,1,0,0,1,0.0,0.0
BRB,2025-09,1,1,0,0,1,0.0,0.0
BWA,2023-01,55,6,0,0,3,0.0,0.0
BWA,2023-02,201,10,0,0,4,0.0,0.0
BWA,2023-03,458,34,0,0,8,0.0,0.0
BWA,2023-04,290,31,0,0,6,0.0,0.0
BWA,2023-05,221,25,0,0,5,0.0,0.0
BWA,2023-06,316,46,0,0,6,0.0,0.0
BWA,2023-07,1001,61,0,0,7,0.0,0.0
BWA,2023-08,1730,95,0,0,6,0.0,0.0
BWA,2023-09,2366,109,0,0,5,0.0,0.0
BWA,2023-10,3111,142,0,0,6,0.0,0.0
BWA,2023-11,3022,135,0,0,7,0.0,0.0
BWA,2023-12,1163,85,0,0,8,0.0,0.0
BWA,2024-01,2539,132,0,0,7,0.0,0.0
BWA,2024-02,3806,178,0,0,6,0.0,0.0
BWA,2024-03,4146,179,0,0,7,0.0,0.0
BWA,2024-04,3727,170,0,0,8,0.0,0.0
BWA,2024-05,46307,202,0,0,8,0.0,0.0
BWA,2024-06,7098,195,0,0,6,0.0,0.0
BWA,2024-07,6577,198,0,0,8,0.0,0.0
BWA,2024-08,6809,179,0,0,6,0.0,0.0
BWA,2024-09,5569,180,0,0,8,0.0,0.0
BWA,2024-10,6125,187,1,1,10,0.5,0.0
BWA,2024-11,4959,181,219,6,18,3.3,4.4
BWA,2024-12,3437,156,197,6,18,3.8,5.7
BWA,2025-01,4990,154,277,8,23,5.2,5.6
BWA,2025-02,6236,165,248,6,21,3.6,4.0
BWA,2025-03,6488,161,343,8,19,5.0,5.3
BWA,2025-04,4238,146,320,9,20,6.2,7.6
BWA,2025-05,5480,141,539,11,19,7.8,9.8
BWA,2025-06,5974,154,490,16,14,10.4,8.2
BWA,2025-07,5690,148,681,18,14,12.2,12.0
BWA,2025-08,7018,160,838,21,18,13.1,11.9
BWA,2025-09,5703,161,699,22,18,13.7,12.3
BWA,2025-10,6317,170,909,23,19,13.5,14.4
BWA,2025-11,5264,169,834,26,20,15.4,15.8
BWA,2025-12,2908,120,388,22,14,18.3,13.3
BWA,2026-01,3743,139,558,24,15,17.3,14.9
BWA,2026-02,5490,141,874,22,19,15.6,15.9
BWA,2026-03,5744,135,970,21,19,15.6,16.9
BWA,2026-04,3834,107,672,18,19,16.8,17.5
BWA,2026-05,3681,100,696,16,22,16.0,18.9
BWA,2026-06,4439,103,635,16,10,15.5,14.3
BWA,2026-07,2669,93,335,16,9,17.2,12.6
BWA,2026-08,2734,92,470,16,12,17.4,17.2
COG,2024-12,23,6,0,0,2,0.0,0.0
COG,2025-01,59,6,0,0,1,0.0,0.0
COG,2025-02,39,2,0,0,2,0.0,0.0
COG,2025-03,23,2,0,0,1,0.0,0.0
COG,2025-04,14,2,0,0,1,0.0,0.0
COG,2025-05,35,3,0,0,1,0.0,0.0
COG,2025-06,20,2,0,0,1,0.0,0.0
COG,2025-07,11,1,0,0,1,0.0,0.0
COG,2025-09,7,2,0,0,1,0.0,0.0
COG,2025-10,76,7,0,0,1,0.0,0.0
COG,2025-11,13,1,0,0,1,0.0,0.0
COG,2025-12,18,1,0,0,1,0.0,0.0
COG,2026-01,35,2,0,0,1,0.0,0.0
COG,2026-02,25,1,0,0,2,0.0,0.0
COG,2026-03,11,3,0,0,1,0.0,0.0
COG,2026-04,10,1,0,0,1,0.0,0.0
COG,2026-06,3,1,0,0,1,0.0,0.0
COG,2026-07,3,1,0,0,1,0.0,0.0
DMA,2026-02,185,7,0,0,5,0.0,0.0
DMA,2026-03,473,6,0,0,4,0.0,0.0
DMA,2026-04,451,9,0,0,3,0.0,0.0
DMA,2026-05,416,10,0,0,5,0.0,0.0
DMA,2026-06,279,10,1,1,4,10.0,0.4
DMA,2026-07,138,6,0,0,2,0.0,0.0
DMA,2026-08,101,5,0,0,7,0.0,0.0
FJI,2024-04,3696,246,0,0,4,0.0,0.0
FJI,2024-05,5475,305,0,0,4,0.0,0.0
FJI,2024-06,10484,432,0,0,4,0.0,0.0
FJI,2024-07,11484,406,25,1,5,0.2,0.2
FJI,2024-08,8558,394,45,3,6,0.8,0.5
FJI,2024-09,8184,383,61,5,6,1.3,0.7
FJI,2024-10,7998,402,92,7,8,1.7,1.2
FJI,2024-11,6204,406,75,8,11,2.0,1.2
FJI,2024-12,6675,415,109,8,16,1.9,1.6
FJI,2025-01,7189,396,100,13,15,3.3,1.4
FJI,2025-02,12370,413,440,21,14,5.1,3.6
FJI,2025-03,13831,406,510,23,19,5.7,3.7
FJI,2025-04,14082,537,640,35,15,6.5,4.5
FJI,2025-05,11724,561,619,37,15,6.6,5.3
FJI,2025-06,18409,552,1386,48,15,8.7,7.5
FJI,2025-07,18923,541,1739,54,13,10.0,9.2
FJI,2025-08,14687,514,1231,54,12,10.5,8.4
FJI,2025-09,15662,499,1319,47,14,9.4,8.4
FJI,2025-10,16683,485,1594,53,15,10.9,9.6
FJI,2025-11,16027,479,1522,58,17,12.1,9.5
FJI,2025-12,9033,439,557,45,21,10.3,6.2
FJI,2026-01,9376,428,535,40,20,9.3,5.7
FJI,2026-02,15048,438,1367,51,19,11.6,9.1
FJI,2026-03,15569,416,1445,48,17,11.5,9.3
FJI,2026-04,12835,396,1288,46,17,11.6,10.0
FJI,2026-05,9343,380,903,49,15,12.9,9.7
FJI,2026-06,12793,375,1253,53,13,14.1,9.8
FJI,2026-07,12819,360,1430,53,12,14.7,11.2
FJI,2026-08,9242,340,996,52,12,15.3,10.8
GRD,2023-01,17,4,0,0,1,0.0,0.0
GRD,2023-02,91,9,0,0,2,0.0,0.0
GRD,2023-03,228,11,0,0,2,0.0,0.0
GRD,2023-04,48,9,0,0,2,0.0,0.0
GRD,2023-05,32,4,0,0,2,0.0,0.0
GRD,2023-06,57,10,0,0,3,0.0,0.0
GRD,2023-09,7,5,0,0,2,0.0,0.0
GRD,2023-11,4,4,0,0,1,0.0,0.0
GRD,2023-12,5,4,0,0,2,0.0,0.0
GRD,2024-02,11,4,0,0,3,0.0,0.0
GRD,2024-05,41,5,0,0,3,0.0,0.0
GRD,2024-06,322,34,0,0,3,0.0,0.0
GRD,2024-07,148,25,0,0,4,0.0,0.0
GRD,2024-08,156,21,0,0,4,0.0,0.0
GRD,2024-09,412,30,0,0,4,0.0,0.0
GRD,2024-10,233,26,0,0,3,0.0,0.0
GRD,2024-11,212,25,0,0,6,0.0,0.0
GRD,2024-12,439,25,0,0,4,0.0,0.0
GRD,2025-01,626,30,0,0,4,0.0,0.0
GRD,2025-02,749,31,0,0,4,0.0,0.0
GRD,2025-03,876,31,0,0,3,0.0,0.0
GRD,2025-04,482,32,0,0,3,0.0,0.0
GRD,2025-05,572,34,0,0,4,0.0,0.0
GRD,2025-06,509,30,0,0,4,0.0,0.0
GRD,2025-07,306,22,0,0,4,0.0,0.0
GRD,2025-08,252,21,0,0,7,0.0,0.0
GRD,2025-09,535,26,0,0,6,0.0,0.0
GRD,2025-10,464,20,0,0,7,0.0,0.0
GRD,2025-11,392,23,0,0,4,0.0,0.0
GRD,2025-12,230,15,0,0,3,0.0,0.0
GRD,2026-01,366,20,0,0,4,0.0,0.0
GRD,2026-02,348,21,0,0,4,0.0,0.0
GRD,2026-03,407,23,0,0,7,0.0,0.0
GRD,2026-04,378,22,0,0,4,0.0,0.0
GRD,2026-05,324,22,0,0,3,0.0,0.0
GRD,2026-06,309,19,0,0,4,0.0,0.0
GRD,2026-07,228,14,0,0,3,0.0,0.0
GRD,2026-08,191,12,0,0,4,0.0,0.0
HND,2025-04,294,10,0,0,8,0.0,0.0
HND,2025-05,284,8,0,0,8,0.0,0.0
HND,2025-06,281,8,0,0,8,0.0,0.0
HND,2025-07,213,9,0,0,8,0.0,0.0
HND,2025-08,314,13,0,0,12,0.0,0.0
HND,2025-09,877,27,0,0,15,0.0,0.0
HND,2025-10,1417,42,6,1,17,2.4,0.4
HND,2025-11,1170,46,20,1,19,2.2,1.7
HND,2025-12,271,22,0,0,13,0.0,0.0
HND,2026-01,526,32,11,1,16,3.1,2.1
HND,2026-02,1160,42,28,2,15,4.8,2.4
HND,2026-03,1298,40,26,3,15,7.5,2.0
HND,2026-04,1153,38,23,2,19,5.3,2.0
HND,2026-05,955,33,15,2,16,6.1,1.6
HND,2026-06,924,33,30,2,13,6.1,3.2
HND,2026-07,899,31,45,2,16,6.5,5.0
HND,2026-08,921,31,29,2,14,6.5,3.1
KAZ,2023-01,5,1,0,0,1,0.0,0.0
KAZ,2023-02,200,41,0,0,4,0.0,0.0
KAZ,2023-03,22575,2252,0,0,28,0.0,0.0
KAZ,2023-04,79886,3945,0,0,37,0.0,0.0
KAZ,2023-05,46363,3564,0,0,38,0.0,0.0
KAZ,2023-06,40963,2987,0,0,42,0.0,0.0
KAZ,2023-07,17255,1711,0,0,37,0.0,0.0
KAZ,2023-08,31566,2239,0,0,41,0.0,0.0
KAZ,2023-09,58966,2740,0,0,42,0.0,0.0
KAZ,2023-10,50700,2376,0,0,41,0.0,0.0
KAZ,2023-11,44476,2312,0,0,33,0.0,0.0
KAZ,2023-12,32670,2059,0,0,32,0.0,0.0
KAZ,2024-01,33489,1924,0,0,33,0.0,0.0
KAZ,2024-02,30800,1899,1,1,38,0.1,0.0
KAZ,2024-03,23405,1690,0,0,35,0.0,0.0
KAZ,2024-04,31907,1747,368,56,37,3.2,1.2
KAZ,2024-05,30872,1592,1169,85,36,5.3,3.8
KAZ,2024-06,14246,1207,800,110,34,9.1,5.6
KAZ,2024-07,6373,772,353,62,31,8.0,5.5
KAZ,2024-08,10311,1052,779,107,33,10.2,7.6
KAZ,2024-09,20770,1375,2384,191,35,13.9,11.5
KAZ,2024-10,16998,1269,2281,182,32,14.3,13.4
KAZ,2024-11,14270,1190,1813,185,53,15.5,12.7
KAZ,2024-12,24540,1158,3432,190,48,16.4,14.0
KAZ,2025-01,26933,1123,3970,181,46,16.1,14.7
KAZ,2025-02,29471,1088,4393,182,49,16.7,14.9
KAZ,2025-03,24662,1025,3720,176,49,17.2,15.1
KAZ,2025-04,20099,1037,4396,199,48,19.2,21.9
KAZ,2025-05,13845,923,2854,161,42,17.4,20.6
KAZ,2025-06,8616,702,1624,121,37,17.2,18.8
KAZ,2025-07,3968,412,336,55,36,13.3,8.5
KAZ,2025-08,7902,632,849,81,41,12.8,10.7
KAZ,2025-09,21571,824,3280,143,39,17.4,15.2
KAZ,2025-10,19166,771,3074,142,34,18.4,16.0
KAZ,2025-11,15527,753,2498,136,38,18.1,16.1
KAZ,2025-12,17979,692,2866,136,36,19.7,15.9
KAZ,2026-01,15765,631,2527,127,41,20.1,16.0
KAZ,2026-02,18032,643,3037,124,40,19.3,16.8
KAZ,2026-03,15148,595,1717,99,36,16.6,11.3
KAZ,2026-04,19562,590,2963,110,38,18.6,15.1
KAZ,2026-05,13484,556,2205,113,37,20.3,16.4
KAZ,2026-06,8547,433,1171,87,30,20.1,13.7
KAZ,2026-07,4254,292,414,47,21,16.1,9.7
KAZ,2026-08,7527,380,1121,71,30,18.7,14.9
KEN,2024-01,24,1,0,0,1,0.0,0.0
KEN,2024-02,24,1,0,0,1,0.0,0.0
KEN,2024-03,28,1,0,0,1,0.0,0.0
KEN,2024-04,10,1,0,0,1,0.0,0.0
KEN,2024-05,16,1,0,0,1,0.0,0.0
KEN,2024-06,74,7,0,0,3,0.0,0.0
KEN,2024-07,499,26,33,3,8,11.5,6.6
KEN,2024-08,272,24,15,2,9,8.3,5.5
KEN,2024-09,734,32,24,3,9,9.4,3.3
KEN,2024-10,756,29,36,2,10,6.9,4.8
KEN,2024-11,249,17,9,2,15,11.8,3.6
KEN,2024-12,174,16,16,2,11,12.5,9.2
KEN,2025-01,705,26,57,2,15,7.7,8.1
KEN,2025-02,721,25,25,3,11,12.0,3.5
KEN,2025-03,818,26,27,3,15,11.5,3.3
KEN,2025-04,332,22,39,3,10,13.6,11.7
KEN,2025-05,686,25,51,4,12,16.0,7.4
KEN,2025-06,614,25,36,3,17,12.0,5.9
KEN,2025-07,858,28,42,4,19,14.3,4.9
KEN,2025-08,226,21,23,3,13,14.3,10.2
KEN,2025-09,530,26,15,4,18,15.4,2.8
KEN,2025-10,809,28,42,2,13,7.1,5.2
KEN,2025-11,311,19,30,4,14,21.1,9.6
KEN,2025-12,265,19,14,2,13,10.5,5.3
KEN,2026-01,386,26,16,4,19,15.4,4.1
KEN,2026-02,433,30,7,3,16,10.0,1.6
KEN,2026-03,493,32,10,2,18,6.2,2.0
KEN,2026-04,328,22,20,2,16,9.1,6.1
KEN,2026-05,996,30,64,6,16,20.0,6.4
KEN,2026-06,1687,76,83,12,22,15.8,4.9
KEN,2026-07,4008,98,196,11,26,11.2,4.9
KEN,2026-08,1708,72,96,8,25,11.1,5.6
KGZ,2025-04,60,6,0,0,3,0.0,0.0
KGZ,2025-05,84,5,0,0,3,0.0,0.0
KGZ,2025-06,56,5,0,0,2,0.0,0.0
KGZ,2025-07,23,3,0,0,2,0.0,0.0
KGZ,2025-08,52,4,0,0,1,0.0,0.0
KGZ,2025-09,130,4,0,0,4,0.0,0.0
KGZ,2025-10,110,4,0,0,3,0.0,0.0
KGZ,2025-11,59,3,0,0,1,0.0,0.0
KGZ,2025-12,64,2,0,0,2,0.0,0.0
KGZ,2026-01,36,1,0,0,1,0.0,0.0
KGZ,2026-02,44,1,0,0,1,0.0,0.0
KGZ,2026-03,58,1,0,0,3,0.0,0.0
KGZ,2026-04,56,2,0,0,3,0.0,0.0
KGZ,2026-05,43,1,0,0,2,0.0,0.0
KGZ,2026-06,30,1,0,0,1,0.0,0.0
KGZ,2026-08,9,1,0,0,1,0.0,0.0
KNA,2023-02,1,1,0,0,1,0.0,0.0
KNA,2023-03,49,3,0,0,2,0.0,0.0
KNA,2023-04,8,2,0,0,2,0.0,0.0
KNA,2023-05,19,4,0,0,1,0.0,0.0
KNA,2023-06,18,2,0,0,1,0.0,0.0
KNA,2023-07,1,1,0,0,1,0.0,0.0
KNA,2023-09,4,1,0,0,1,0.0,0.0
KNA,2023-10,7,1,0,0,1,0.0,0.0
KNA,2023-12,48,1,0,0,1,0.0,0.0
KNA,2024-01,14,1,0,0,1,0.0,0.0
KNA,2024-02,5,1,0,0,1,0.0,0.0
KNA,2024-03,14,1,0,0,1,0.0,0.0
KNA,2024-04,6,1,0,0,1,0.0,0.0
KNA,2024-05,1738,5,0,0,2,0.0,0.0
KNA,2024-06,92,3,0,0,1,0.0,0.0
KNA,2024-07,74,2,0,0,1,0.0,0.0
KNA,2024-08,22,1,0,0,1,0.0,0.0
KNA,2024-09,158,2,0,0,1,0.0,0.0
KNA,2024-10,135,2,0,0,1,0.0,0.0
KNA,2024-11,40,2,0,0,1,0.0,0.0
KNA,2024-12,38,2,0,0,1,0.0,0.0
KNA,2025-01,6,2,0,0,1,0.0,0.0
KNA,2025-02,71,2,0,0,1,0.0,0.0
KNA,2025-03,10,1,0,0,1,0.0,0.0
KNA,2025-05,12,1,0,0,1,0.0,0.0
KNA,2025-08,16,1,0,0,1,0.0,0.0
KNA,2025-09,54,2,0,0,1,0.0,0.0
KNA,2025-10,196,2,0,0,1,0.0,0.0
KNA,2025-11,36,2,0,0,1,0.0,0.0
KNA,2025-12,8,1,0,0,1,0.0,0.0
KNA,2026-01,29,2,0,0,1,0.0,0.0
KNA,2026-02,45,2,0,0,1,0.0,0.0
KNA,2026-03,61,3,0,0,1,0.0,0.0
KNA,2026-04,124,2,0,0,1,0.0,0.0
KNA,2026-05,65,2,0,0,1,0.0,0.0
KNA,2026-06,78,2,0,0,1,0.0,0.0
KNA,2026-07,13,1,0,0,1,0.0,0.0
KNA,2026-08,16,1,0,0,1,0.0,0.0
LCA,2023-01,74,14,0,0,2,0.0,0.0
LCA,2023-02,241,16,0,0,2,0.0,0.0
LCA,2023-03,294,10,0,0,2,0.0,0.0
LCA,2023-04,168,15,0,0,3,0.0,0.0
LCA,2023-05,103,9,0,0,2,0.0,0.0
LCA,2023-06,134,8,0,0,3,0.0,0.0
LCA,2023-07,110,6,0,0,1,0.0,0.0
LCA,2023-08,83,4,0,0,2,0.0,0.0
LCA,2023-09,183,7,0,0,2,0.0,0.0
LCA,2023-10,215,6,0,0,1,0.0,0.0
LCA,2023-11,112,7,0,0,2,0.0,0.0
LCA,2023-12,370,23,0,0,3,0.0,0.0
LCA,2024-01,118,10,0,0,2,0.0,0.0
LCA,2024-02,149,12,0,0,2,0.0,0.0
LCA,2024-03,93,10,0,0,2,0.0,0.0
LCA,2024-04,48,6,0,0,1,0.0,0.0
LCA,2024-05,1653,12,0,0,1,0.0,0.0
LCA,2024-06,179,11,0,0,1,0.0,0.0
LCA,2024-07,55,7,0,0,1,0.0,0.0
LCA,2024-08,31,6,0,0,1,0.0,0.0
LCA,2024-09,188,10,0,0,2,0.0,0.0
LCA,2024-10,166,9,0,0,2,0.0,0.0
LCA,2024-11,102,8,0,0,1,0.0,0.0
LCA,2024-12,86,8,0,0,2,0.0,0.0
LCA,2025-01,146,6,0,0,2,0.0,0.0
LCA,2025-02,129,6,0,0,2,0.0,0.0
LCA,2025-03,244,10,0,0,1,0.0,0.0
LCA,2025-04,325,12,0,0,3,0.0,0.0
LCA,2025-05,317,12,0,0,2,0.0,0.0
LCA,2025-06,343,11,0,0,2,0.0,0.0
LCA,2025-07,280,11,0,0,2,0.0,0.0
LCA,2025-08,218,10,0,0,2,0.0,0.0
LCA,2025-09,229,9,0,0,2,0.0,0.0
LCA,2025-10,326,10,0,0,2,0.0,0.0
LCA,2025-11,219,10,0,0,3,0.0,0.0
LCA,2025-12,81,9,0,0,3,0.0,0.0
LCA,2026-01,194,11,0,0,2,0.0,0.0
LCA,2026-02,217,8,0,0,2,0.0,0.0
LCA,2026-03,216,10,0,0,2,0.0,0.0
LCA,2026-04,169,10,0,0,2,0.0,0.0
LCA,2026-05,184,10,0,0,2,0.0,0.0
LCA,2026-06,170,9,0,0,2,0.0,0.0
LCA,2026-07,137,8,0,0,2,0.0,0.0
LCA,2026-08,113,7,0,0,2,0.0,0.0
LKA,2024-04,5,1,0,0,1,0.0,0.0
LKA,2024-05,3,1,0,0,1,0.0,0.0
LKA,2024-06,2,1,0,0,1,0.0,0.0
LKA,2024-07,1,1,0,0,1,0.0,0.0
LKA,2024-08,22,10,0,0,3,0.0,0.0
LKA,2024-09,447,29,0,0,5,0.0,0.0
LKA,2024-10,881,45,0,0,5,0.0,0.0
LKA,2024-11,552,54,0,0,7,0.0,0.0
LKA,2024-12,354,36,0,0,6,0.0,0.0
LKA,2025-01,4060,252,0,0,9,0.0,0.0
LKA,2025-02,6400,271,0,0,8,0.0,0.0
LKA,2025-03,4749,316,0,0,8,0.0,0.0
LKA,2025-04,7853,395,0,0,8,0.0,0.0
LKA,2025-05,7742,395,0,0,7,0.0,0.0
LKA,2025-06,23720,1191,0,0,9,0.0,0.0
LKA,2025-07,34985,1176,0,0,11,0.0,0.0
LKA,2025-08,25127,1156,0,0,9,0.0,0.0
LKA,2025-09,34998,1348,0,0,10,0.0,0.0
LKA,2025-10,38009,1415,0,0,7,0.0,0.0
LKA,2025-11,12118,1218,0,0,9,0.0,0.0
LKA,2025-12,11670,1072,0,0,9,0.0,0.0
LKA,2026-01,23166,1268,0,0,9,0.0,0.0
LKA,2026-02,17123,1191,0,0,9,0.0,0.0
LKA,2026-03,27544,1277,0,0,8,0.0,0.0
LKA,2026-04,23149,1228,0,0,8,0.0,0.0
LKA,2026-05,29170,1283,0,0,9,0.0,0.0
LKA,2026-06,36839,1368,0,0,9,0.0,0.0
LKA,2026-07,72578,3191,11,4,14,0.1,0.0
LKA,2026-08,48291,3123,172,9,12,0.3,0.4
LSO,2025-11,106,2,0,0,2,0.0,0.0
LSO,2025-12,118,2,0,0,1,0.0,0.0
LSO,2026-01,261,2,0,0,1,0.0,0.0
LSO,2026-02,235,3,0,0,2,0.0,0.0
LSO,2026-03,317,3,0,0,2,0.0,0.0
LSO,2026-04,234,3,0,0,2,0.0,0.0
LSO,2026-05,189,5,1,1,3,20.0,0.5
LSO,2026-06,250,7,56,3,4,42.9,22.4
LSO,2026-07,197,5,46,3,3,60.0,23.4
LSO,2026-08,290,6,110,3,3,50.0,37.9
MDA,2025-11,2204,45,0,0,13,0.0,0.0
MDA,2025-12,4233,47,0,0,9,0.0,0.0
MDA,2026-01,3562,56,0,0,14,0.0,0.0
MDA,2026-02,6912,79,0,0,14,0.0,0.0
MDA,2026-03,7335,79,0,0,14,0.0,0.0
MDA,2026-04,5806,78,0,0,13,0.0,0.0
MDA,2026-05,5997,76,0,0,13,0.0,0.0
MDA,2026-06,3345,67,0,0,13,0.0,0.0
MDA,2026-07,2899,59,0,0,11,0.0,0.0
MDA,2026-08,3086,68,0,0,12,0.0,0.0
MEX,2026-06,138,5,0,0,4,0.0,0.0
MEX,2026-07,134,10,50,7,4,70.0,37.3
MEX,2026-08,282,11,50,4,11,36.4,17.7
MNE,2025-12,658,16,0,0,5,0.0,0.0
MNE,2026-01,5677,318,0,0,7,0.0,0.0
MNE,2026-02,20348,346,0,0,9,0.0,0.0
MNE,2026-03,21754,336,0,0,8,0.0,0.0
MNE,2026-04,19289,340,0,0,8,0.0,0.0
MNE,2026-05,15637,338,0,0,10,0.0,0.0
MNE,2026-06,10596,322,0,0,11,0.0,0.0
MNE,2026-07,2922,169,0,0,12,0.0,0.0
MNE,2026-08,3728,214,0,0,10,0.0,0.0
MNG,2023-01,6855,431,0,0,17,0.0,0.0
MNG,2023-02,9558,468,0,0,17,0.0,0.0
MNG,2023-03,12674,460,0,0,17,0.0,0.0
MNG,2023-04,9350,435,0,0,18,0.0,0.0
MNG,2023-05,4540,326,0,0,15,0.0,0.0
MNG,2023-06,4147,259,0,0,15,0.0,0.0
MNG,2023-07,816,134,0,0,14,0.0,0.0
MNG,2023-08,2329,199,0,0,16,0.0,0.0
MNG,2023-09,5095,236,19,1,19,0.4,0.4
MNG,2023-10,4745,223,20,1,18,0.4,0.4
MNG,2023-11,3994,280,14,2,22,0.7,0.4
MNG,2023-12,5068,272,21,3,20,1.1,0.4
MNG,2024-01,4052,241,8,2,21,0.8,0.2
MNG,2024-02,4428,262,10,2,20,0.8,0.2
MNG,2024-03,4580,244,12,2,18,0.8,0.3
MNG,2024-04,4808,249,16,2,19,0.8,0.3
MNG,2024-05,5235,244,12,1,19,0.4,0.2
MNG,2024-06,3170,216,5,2,19,0.9,0.2
MNG,2024-07,649,115,0,0,15,0.0,0.0
MNG,2024-08,1490,168,1,1,15,0.6,0.1
MNG,2024-09,4259,219,0,0,14,0.0,0.0
MNG,2024-10,3455,210,0,0,14,0.0,0.0
MNG,2024-11,5530,298,4,1,24,0.3,0.1
MNG,2024-12,18535,407,59,4,33,1.0,0.3
MNG,2025-01,15238,378,115,8,31,2.1,0.8
MNG,2025-02,17884,389,212,9,33,2.3,1.2
MNG,2025-03,17271,387,387,20,32,5.2,2.2
MNG,2025-04,14967,380,514,20,31,5.3,3.4
MNG,2025-05,15455,352,594,24,29,6.8,3.8
MNG,2025-06,10374,324,231,18,25,5.6,2.2
MNG,2025-07,1772,169,16,3,21,1.8,0.9
MNG,2025-08,5531,267,122,8,23,3.0,2.2
MNG,2025-09,13861,301,430,17,25,5.6,3.1
MNG,2025-10,12487,285,500,19,22,6.7,4.0
MNG,2025-11,12611,318,608,22,31,6.9,4.8
MNG,2025-12,14646,318,598,18,25,5.7,4.1
MNG,2026-01,29706,610,1298,34,32,5.6,4.4
MNG,2026-02,34872,679,1171,30,33,4.4,3.4
MNG,2026-03,45730,686,1794,38,40,5.5,3.9
MNG,2026-04,41795,671,1607,44,34,6.6,3.8
MNG,2026-05,45482,662,1996,46,33,6.9,4.4
MNG,2026-06,27722,645,948,40,36,6.2,3.4
MNG,2026-07,6256,439,165,17,28,3.9,2.6
MNG,2026-08,13461,570,374,24,30,4.2,2.8
MSR,2023-04,5,1,0,0,1,0.0,0.0
MSR,2024-05,104,1,0,0,1,0.0,0.0
MWI,2025-06,1453,124,437,25,10,20.2,30.1
MWI,2025-07,3046,134,693,25,11,18.7,22.8
MWI,2025-08,1987,91,442,22,9,24.2,22.2
MWI,2025-09,2405,100,468,22,12,22.0,19.5
MWI,2025-10,3039,94,668,18,8,19.1,22.0
MWI,2025-11,2749,98,650,26,20,26.5,23.6
MWI,2025-12,2467,103,697,34,12,33.0,28.3
MWI,2026-01,2852,106,823,36,11,34.0,28.9
MWI,2026-02,2507,89,764,30,11,33.7,30.5
MWI,2026-03,2465,92,754,36,8,39.1,30.6
MWI,2026-04,2511,97,1204,44,11,45.4,47.9
MWI,2026-05,4037,105,2573,52,10,49.5,63.7
MWI,2026-06,3932,105,2735,53,9,50.5,69.6
MWI,2026-07,3875,102,2896,63,9,61.8,74.7
MWI,2026-08,3882,93,3106,59,7,63.4,80.0
NAM,2024-04,352,24,0,0,2,0.0,0.0
NAM,2024-05,649,33,0,0,3,0.0,0.0
NAM,2024-06,566,68,0,0,2,0.0,0.0
NAM,2024-07,1010,74,0,0,3,0.0,0.0
NAM,2024-08,1588,93,0,0,4,0.0,0.0
NAM,2024-09,1456,98,0,0,5,0.0,0.0
NAM,2024-10,1842,99,0,0,5,0.0,0.0
NAM,2024-11,1050,88,0,0,4,0.0,0.0
NAM,2024-12,532,77,0,0,5,0.0,0.0
NAM,2025-01,2064,109,0,0,7,0.0,0.0
NAM,2025-02,3340,128,0,0,7,0.0,0.0
NAM,2025-03,3377,118,0,0,7,0.0,0.0
NAM,2025-04,2077,107,0,0,6,0.0,0.0
NAM,2025-05,2067,104,0,0,6,0.0,0.0
NAM,2025-06,2192,111,0,0,6,0.0,0.0
NAM,2025-07,2108,120,0,0,6,0.0,0.0
NAM,2025-08,3623,144,0,0,6,0.0,0.0
NAM,2025-09,3149,133,0,0,7,0.0,0.0
NAM,2025-10,3969,137,0,0,5,0.0,0.0
NAM,2025-11,2466,130,0,0,9,0.0,0.0
NAM,2025-12,966,113,0,0,4,0.0,0.0
NAM,2026-01,2325,116,0,0,7,0.0,0.0
NAM,2026-02,3000,115,0,0,6,0.0,0.0
NAM,2026-03,3288,112,0,0,8,0.0,0.0
NAM,2026-04,3156,104,0,0,8,0.0,0.0
NAM,2026-05,600,54,0,0,3,0.0,0.0
NAM,2026-06,2621,98,0,0,5,0.0,0.0
NAM,2026-07,3000,94,0,0,4,0.0,0.0
NAM,2026-08,2024,85,0,0,4,0.0,0.0
RWA,2023-06,311,21,0,0,2,0.0,0.0
RWA,2023-07,457,28,0,0,2,0.0,0.0
RWA,2023-08,158,21,0,0,3,0.0,0.0
RWA,2023-09,306,25,0,0,3,0.0,0.0
RWA,2023-10,291,23,2,1,4,4.3,0.7
RWA,2023-11,296,20,0,0,3,0.0,0.0
RWA,2023-12,139,15,0,0,3,0.0,0.0
RWA,2024-01,276,13,0,0,3,0.0,0.0
RWA,2024-02,271,15,0,0,3,0.0,0.0
RWA,2024-03,371,24,1,1,4,4.2,0.3
RWA,2024-04,247,22,0,0,4,0.0,0.0
RWA,2024-05,685,36,0,0,4,0.0,0.0
RWA,2024-06,551,35,0,0,4,0.0,0.0
RWA,2024-07,310,33,0,0,6,0.0,0.0
RWA,2024-08,259,30,0,0,5,0.0,0.0
RWA,2024-09,729,34,5,1,6,2.9,0.7
RWA,2024-10,708,33,0,0,5,0.0,0.0
RWA,2024-11,550,32,0,0,8,0.0,0.0
RWA,2024-12,669,30,0,0,9,0.0,0.0
RWA,2025-01,633,30,0,0,9,0.0,0.0
RWA,2025-02,681,29,0,0,8,0.0,0.0
RWA,2025-03,487,27,0,0,6,0.0,0.0
RWA,2025-04,569,27,0,0,8,0.0,0.0
RWA,2025-05,1263,41,0,0,8,0.0,0.0
RWA,2025-06,1440,43,0,0,9,0.0,0.0
RWA,2025-07,829,42,0,0,6,0.0,0.0
RWA,2025-08,587,37,0,0,5,0.0,0.0
RWA,2025-09,936,42,0,0,10,0.0,0.0
RWA,2025-10,1530,41,2,2,7,4.9,0.1
RWA,2025-11,1172,41,6,3,11,7.3,0.5
RWA,2025-12,742,39,0,0,5,0.0,0.0
RWA,2026-01,707,36,14,2,6,5.6,2.0
RWA,2026-02,535,35,4,1,6,2.9,0.7
RWA,2026-03,758,35,3,2,7,5.7,0.4
RWA,2026-04,557,32,1,1,6,3.1,0.2
RWA,2026-05,1211,34,27,4,9,11.8,2.2
RWA,2026-06,1279,30,38,1,5,3.3,3.0
RWA,2026-07,935,31,11,1,5,3.2,1.2
RWA,2026-08,924,30,56,2,5,6.7,6.1
SLE,2024-05,3891,24,0,0,12,0.0,0.0
SLE,2024-06,90,4,0,0,4,0.0,0.0
SLE,2024-07,84,4,0,0,2,0.0,0.0
SLE,2024-08,99,3,0,0,2,0.0,0.0
SLE,2024-09,132,3,0,0,3,0.0,0.0
SLE,2024-10,167,3,0,0,4,0.0,0.0
SLE,2024-11,106,3,0,0,4,0.0,0.0
SLE,2024-12,56,1,0,0,3,0.0,0.0
SLE,2025-01,53,1,0,0,3,0.0,0.0
SLE,2025-02,98,2,0,0,5,0.0,0.0
SLE,2025-03,182,6,4,1,6,16.7,2.2
SLE,2025-04,141,5,17,1,5,20.0,12.1
SLE,2025-05,81,3,4,1,7,33.3,4.9
SLE,2025-06,86,2,2,1,4,50.0,2.3
SLE,2025-07,85,2,0,0,3,0.0,0.0
SLE,2025-08,99,2,0,0,4,0.0,0.0
SLE,2025-09,66,2,0,0,4,0.0,0.0
SLE,2025-10,112,1,0,0,3,0.0,0.0
SLE,2025-11,73,1,0,0,3,0.0,0.0
SLE,2025-12,56,1,0,0,4,0.0,0.0
SLE,2026-01,103,2,0,0,4,0.0,0.0
SLE,2026-02,11,2,0,0,3,0.0,0.0
STP,2023-11,11,2,0,0,1,0.0,0.0
STP,2023-12,6,1,0,0,1,0.0,0.0
STP,2024-01,138,11,0,0,2,0.0,0.0
STP,2024-02,102,9,0,0,2,0.0,0.0
STP,2024-03,105,8,0,0,2,0.0,0.0
STP,2024-04,133,8,0,0,2,0.0,0.0
STP,2024-05,65,7,0,0,2,0.0,0.0
STP,2024-06,88,5,0,0,2,0.0,0.0
STP,2024-07,89,5,0,0,2,0.0,0.0
STP,2024-08,34,5,0,0,2,0.0,0.0
STP,2024-09,21,3,0,0,1,0.0,0.0
STP,2024-10,17,2,0,0,2,0.0,0.0
STP,2024-11,10,2,0,0,2,0.0,0.0
STP,2024-12,11,2,0,0,2,0.0,0.0
STP,2025-01,18,3,0,0,2,0.0,0.0
STP,2025-02,19,3,0,0,1,0.0,0.0
STP,2025-03,22,3,0,0,1,0.0,0.0
STP,2025-04,14,2,0,0,1,0.0,0.0
STP,2025-05,20,2,0,0,1,0.0,0.0
STP,2025-06,14,2,0,0,1,0.0,0.0
STP,2025-07,2,1,0,0,1,0.0,0.0
STP,2025-08,3,1,0,0,1,0.0,0.0
STP,2025-09,4,1,0,0,1,0.0,0.0
STP,2025-10,17,2,0,0,1,0.0,0.0
STP,2025-11,8,1,0,0,1,0.0,0.0
STP,2025-12,3,1,0,0,1,0.0,0.0
STP,2026-01,7,1,0,0,1,0.0,0.0
STP,2026-02,3,1,0,0,1,0.0,0.0
STP,2026-03,1,1,0,0,1,0.0,0.0
TCA,2025-05,315,7,0,0,2,0.0,0.0
TCA,2025-06,742,11,0,0,2,0.0,0.0
TCA,2025-07,226,9,0,0,2,0.0,0.0
TCA,2025-08,141,6,0,0,2,0.0,0.0
TCA,2025-09,733,13,0,0,3,0.0,0.0
TCA,2025-10,933,15,4,1,4,6.7,0.4
TCA,2025-11,804,14,1,1,6,7.1,0.1
TCA,2025-12,384,13,8,1,3,7.7,2.1
TCA,2026-01,706,14,4,1,4,7.1,0.6
TCA,2026-02,657,16,11,1,3,6.2,1.7
TCA,2026-03,723,14,7,1,3,7.1,1.0
TCA,2026-04,566,14,4,1,3,7.1,0.7
TCA,2026-05,688,13,4,1,4,7.7,0.6
TCA,2026-06,328,14,9,1,3,7.1,2.7
TCA,2026-07,238,11,0,0,3,0.0,0.0
TCA,2026-08,189,11,0,0,3,0.0,0.0
TTO,2023-02,587,16,0,0,4,0.0,0.0
TTO,2023-03,2376,93,0,0,7,0.0,0.0
TTO,2023-04,1372,75,0,0,8,0.0,0.0
TTO,2023-05,750,54,0,0,7,0.0,0.0
TTO,2023-06,1167,49,0,0,8,0.0,0.0
TTO,2023-07,999,43,0,0,8,0.0,0.0
TTO,2023-08,907,44,0,0,8,0.0,0.0
TTO,2023-09,1198,46,0,0,7,0.0,0.0
TTO,2023-10,1097,39,0,0,8,0.0,0.0
TTO,2023-11,867,42,0,0,7,0.0,0.0
TTO,2023-12,646,33,0,0,8,0.0,0.0
TTO,2024-01,799,33,0,0,8,0.0,0.0
TTO,2024-02,651,30,0,0,8,0.0,0.0
TTO,2024-03,692,28,0,0,7,0.0,0.0
TTO,2024-04,644,22,0,0,6,0.0,0.0
TTO,2024-05,924,30,0,0,7,0.0,0.0
TTO,2024-06,616,28,0,0,7,0.0,0.0
TTO,2024-07,655,27,0,0,7,0.0,0.0
TTO,2024-08,594,25,0,0,8,0.0,0.0
TTO,2024-09,604,24,0,0,8,0.0,0.0
TTO,2024-10,585,39,0,0,7,0.0,0.0
TTO,2024-11,527,30,0,0,12,0.0,0.0
TTO,2024-12,546,27,0,0,9,0.0,0.0
TTO,2025-01,1200,30,0,0,11,0.0,0.0
TTO,2025-02,1253,28,0,0,9,0.0,0.0
TTO,2025-03,1331,29,0,0,9,0.0,0.0
TTO,2025-04,831,25,0,0,9,0.0,0.0
TTO,2025-05,1085,29,0,0,10,0.0,0.0
TTO,2025-06,1061,26,0,0,11,0.0,0.0
TTO,2025-07,815,23,0,0,8,0.0,0.0
TTO,2025-08,738,24,0,0,9,0.0,0.0
TTO,2025-09,913,25,0,0,12,0.0,0.0
TTO,2025-10,985,22,0,0,9,0.0,0.0
TTO,2025-11,813,18,0,0,9,0.0,0.0
TTO,2025-12,666,16,0,0,8,0.0,0.0
TTO,2026-01,864,20,0,0,8,0.0,0.0
TTO,2026-02,965,21,0,0,6,0.0,0.0
TTO,2026-03,1225,23,0,0,6,0.0,0.0
TTO,2026-04,936,18,0,0,6,0.0,0.0
TTO,2026-05,777,17,0,0,6,0.0,0.0
TTO,2026-06,517,12,0,0,5,0.0,0.0
TTO,2026-07,618,13,0,0,7,0.0,0.0
TTO,2026-08,410,13,0,0,6,0.0,0.0
UZB,2023-01,6781,432,0,0,6,0.0,0.0
UZB,2023-02,7872,385,0,0,4,0.0,0.0
UZB,2023-03,6863,322,0,0,4,0.0,0.0
UZB,2023-04,6633,300,0,0,5,0.0,0.0
UZB,2023-05,3343,221,0,0,4,0.0,0.0
UZB,2023-06,2666,171,0,0,3,0.0,0.0
UZB,2023-07,1264,121,0,0,4,0.0,0.0
UZB,2023-08,2315,152,0,0,5,0.0,0.0
UZB,2023-09,5712,186,0,0,4,0.0,0.0
UZB,2023-10,5043,168,0,0,4,0.0,0.0
UZB,2023-11,3906,158,0,0,4,0.0,0.0
UZB,2023-12,3413,150,0,0,3,0.0,0.0
UZB,2024-01,3357,137,0,0,3,0.0,0.0
UZB,2024-02,3467,128,0,0,4,0.0,0.0
UZB,2024-03,3053,121,0,0,5,0.0,0.0
UZB,2024-04,2848,117,0,0,4,0.0,0.0
UZB,2024-05,336177,2488,0,0,11,0.0,0.0
UZB,2024-06,5594,269,0,0,4,0.0,0.0
UZB,2024-07,2720,164,0,0,5,0.0,0.0
UZB,2024-08,4043,246,0,0,5,0.0,0.0
UZB,2024-09,10008,313,0,0,4,0.0,0.0
UZB,2024-10,10420,288,0,0,5,0.0,0.0
UZB,2024-11,8098,282,0,0,8,0.0,0.0
UZB,2024-12,8558,278,0,0,8,0.0,0.0
UZB,2025-01,7391,263,0,0,8,0.0,0.0
UZB,2025-02,7755,245,0,0,8,0.0,0.0
UZB,2025-03,5506,223,0,0,8,0.0,0.0
UZB,2025-04,4926,180,0,0,5,0.0,0.0
UZB,2025-05,5627,415,0,0,9,0.0,0.0
UZB,2025-06,5993,358,0,0,10,0.0,0.0
UZB,2025-07,3338,263,0,0,8,0.0,0.0
UZB,2025-08,5044,310,0,0,13,0.0,0.0
UZB,2025-09,18380,375,0,0,16,0.0,0.0
UZB,2025-10,15620,374,0,0,15,0.0,0.0
UZB,2025-11,203994,8207,20,1,30,0.0,0.0
UZB,2025-12,807062,9883,17,1,45,0.0,0.0
UZB,2026-01,712560,9567,6,1,43,0.0,0.0
UZB,2026-02,739616,9358,14,1,49,0.0,0.0
UZB,2026-03,605144,9053,9,1,41,0.0,0.0
UZB,2026-04,689146,8827,0,0,38,0.0,0.0
UZB,2026-05,519346,8526,0,0,41,0.0,0.0
UZB,2026-06,256073,7392,0,0,37,0.0,0.0
UZB,2026-07,128701,5781,0,0,20,0.0,0.0
UZB,2026-08,205581,6847,0,0,32,0.0,0.0
VCT,2023-01,19,3,0,0,1,0.0,0.0
VCT,2023-02,48,5,0,0,1,0.0,0.0
VCT,2023-03,89,8,0,0,2,0.0,0.0
VCT,2023-04,45,6,0,0,2,0.0,0.0
VCT,2023-05,12,2,0,0,1,0.0,0.0
VCT,2023-06,3,2,0,0,1,0.0,0.0
VCT,2024-05,35,5,0,0,2,0.0,0.0
VCT,2024-06,89,7,0,0,2,0.0,0.0
VCT,2024-07,19,4,0,0,1,0.0,0.0
VCT,2024-08,48,5,0,0,2,0.0,0.0
VCT,2024-09,101,6,0,0,1,0.0,0.0
VCT,2024-10,91,5,0,0,1,0.0,0.0
VCT,2024-11,179,5,0,0,5,0.0,0.0
VCT,2024-12,121,5,0,0,2,0.0,0.0
VCT,2025-01,163,5,0,0,4,0.0,0.0
VCT,2025-02,199,6,0,0,4,0.0,0.0
VCT,2025-03,258,6,0,0,2,0.0,0.0
VCT,2025-04,129,6,0,0,2,0.0,0.0
VCT,2025-05,220,6,0,0,2,0.0,0.0
VCT,2025-06,160,5,0,0,3,0.0,0.0
VCT,2025-07,28,3,0,0,2,0.0,0.0
VCT,2025-09,175,5,0,0,3,0.0,0.0
VCT,2025-10,187,4,0,0,3,0.0,0.0
VCT,2025-11,109,5,0,0,3,0.0,0.0
VCT,2025-12,83,5,0,0,2,0.0,0.0
VCT,2026-01,138,5,0,0,4,0.0,0.0
VCT,2026-02,220,8,0,0,2,0.0,0.0
VCT,2026-03,774,19,0,0,3,0.0,0.0
VCT,2026-04,706,18,0,0,3,0.0,0.0
VCT,2026-05,666,14,0,0,2,0.0,0.0
VCT,2026-06,478,13,0,0,2,0.0,0.0
VCT,2026-07,33,6,0,0,2,0.0,0.0
VCT,2026-08,61,5,0,0,2,0.0,0.0
VGB,2023-01,12,9,0,0,2,0.0,0.0
VGB,2023-02,4,3,0,0,2,0.0,0.0
ZAF,2025-09,1152,69,0,0,21,0.0,0.0
ZAF,2025-10,2532,69,0,0,24,0.0,0.0
ZAF,2025-11,2197,76,0,0,25,0.0,0.0
ZAF,2025-12,1014,68,0,0,17,0.0,0.0
ZAF,2026-01,1627,92,0,0,21,0.0,0.0
ZAF,2026-02,2843,116,0,0,26,0.0,0.0
ZAF,2026-03,5042,139,0,0,32,0.0,0.0
ZAF,2026-04,4140,158,0,0,38,0.0,0.0
ZAF,2026-05,4797,167,0,0,34,0.0,0.0
ZAF,2026-06,4080,159,0,0,29,0.0,0.0
ZAF,2026-07,2623,149,0,0,23,0.0,0.0
ZAF,2026-08,4019,151,0,0,22,0.0,0.0
ZMB,2025-11,189,28,0,0,3,0.0,0.0
ZMB,2025-12,1454,55,1,1,9,1.8,0.1
ZMB,2026-01,1593,52,0,0,14,0.0,0.0
ZMB,2026-02,1688,46,1,1,14,2.2,0.1
ZMB,2026-03,1745,43,2,1,11,2.3,0.1
ZMB,2026-04,929,38,0,0,9,0.0,0.0
ZMB,2026-05,1321,40,0,0,5,0.0,0.0
ZMB,2026-06,1339,39,0,0,7,0.0,0.0
ZMB,2026-07,1133,38,8,2,8,5.3,0.7
ZMB,2026-08,599,34,0,0,5,0.0,0.0
,2023-01,292,22,0,0,8,0.0,0.0
,2023-02,504,25,0,0,8,0.0,0.0
,2023-03,768,28,0,0,14,0.0,0.0
,2023-04,664,41,0,0,20,0.0,0.0
,2023-05,342,25,0,0,12,0.0,0.0
,2023-06,341,22,0,0,16,0.0,0.0
,2023-07,123,23,0,0,16,0.0,0.0
,2023-08,420,35,0,0,17,0.0,0.0
,2023-09,893,46,0,0,19,0.0,0.0
,2023-10,807,45,0,0,18,0.0,0.0
,2023-11,611,41,0,0,17,0.0,0.0
,2023-12,530,34,0,0,16,0.0,0.0
,2024-01,533,31,0,0,14,0.0,0.0
,2024-02,272,28,0,0,14,0.0,0.0
,2024-03,146,11,0,0,9,0.0,0.0
,2024-04,114,8,0,0,7,0.0,0.0
,2024-05,31818,8,316,0,90,0.0,1.0
,2024-06,1032,7,19,0,27,0.0,1.8
,2024-07,815,11,1,0,26,0.0,0.1
,2024-08,718,12,8,1,20,8.3,1.1
,2024-09,1274,14,127,1,28,7.1,10.0
,2024-10,901,7,161,1,23,14.3,17.9
,2024-11,694,10,180,1,24,10.0,25.9
,2024-12,762,9,159,0,18,0.0,20.9
,2025-01,814,10,190,0,16,0.0,23.3
,2025-02,879,15,169,0,24,0.0,19.2
,2025-03,854,18,100,0,23,0.0,11.7
,2025-04,855,17,154,0,21,0.0,18.0
,2025-05,709,16,73,0,24,0.0,10.3
,2025-06,569,15,32,0,19,0.0,5.6
,2025-07,287,11,2,0,17,0.0,0.7
,2025-08,340,14,0,0,17,0.0,0.0
,2025-09,494,13,0,0,19,0.0,0.0
,2025-10,522,10,0,0,16,0.0,0.0
,2025-11,526,9,0,0,16,0.0,0.0
,2025-12,326,9,0,0,17,0.0,0.0
,2026-01,386,10,0,0,21,0.0,0.0
,2026-02,424,12,0,0,15,0.0,0.0
,2026-03,467,11,2,1,12,9.1,0.4
,2026-04,446,11,24,1,14,9.1,5.4
,2026-05,407,11,62,1,13,9.1,15.2
,2026-06,267,8,80,1,11,12.5,30.0
,2026-07,216,6,76,1,9,16.7,35.2
,2026-08,125,5,16,1,9,20.0,12.8
